{
	"format_version": "1.12.0",
	"minecraft:geometry": [
		{
			"description": {
				"identifier": "geometry.unknown",
				"texture_width": 96,
				"texture_height": 96,
				"visible_bounds_width": 3,
				"visible_bounds_height": 4.5,
				"visible_bounds_offset": [0, 1.75, 0]
			},
			"bones": [
				{
					"name": "bipedHead",
					"pivot": [0, 24, 0]
				},
				{
					"name": "armorHead",
					"parent": "bipedHead",
					"pivot": [0, 24, 0]
				},
				{
					"name": "skull",
					"parent": "armorHead",
					"pivot": [0, 31.75, -4.25],
					"rotation": [12.5, 0, 0],
					"cubes": [
						{"origin": [-5, 29, -5], "size": [10, 6, 9], "uv": [58, 0]},
						{"origin": [-3, 29, -11], "size": [6, 5, 6], "uv": [65, 15]},
						{"origin": [4.00023, 24, -1.25], "size": [1, 5, 2], "uv": [63, 26]},
						{"origin": [-4.99977, 24, -1.25], "size": [1, 5, 2], "uv": [63, 26]},
						{"origin": [-5.00077, 24, -6.25], "size": [1.001, 2, 5], "uv": [69, 26]},
						{"origin": [-4.99977, 24, -7.25], "size": [3, 2, 1], "uv": [81, 30]},
						{"origin": [4.00023, 24, -6.25], "size": [1.0001, 2, 5], "uv": [69, 26]},
						{"origin": [2.00023, 24, -7.25], "size": [3, 2, 1], "uv": [81, 30]}
					]
				},
				{
					"name": "fangs",
					"parent": "skull",
					"pivot": [0, 31.75, -4.25]
				},
				{
					"name": "top_fangs",
					"parent": "fangs",
					"pivot": [0, 31.75, -4.25],
					"cubes": [
						{"origin": [-3, 27, -11], "size": [1, 2, 0], "uv": [60, 15]},
						{"origin": [2, 27, -11], "size": [1, 2, 0], "uv": [60, 15]},
						{"origin": [-1.5, 28, -11], "size": [1, 1, 0], "uv": [62, 15]},
						{"origin": [0.5, 28, -11], "size": [1, 1, 0], "uv": [62, 15]},
						{"origin": [3, 28, -10], "size": [0, 1, 1], "uv": [64, 14]},
						{"origin": [3, 28, -8], "size": [0, 1, 1], "uv": [64, 14]},
						{"origin": [-3, 28, -8], "size": [0, 1, 1], "uv": [64, 14], "mirror": true},
						{"origin": [-3, 28, -10], "size": [0, 1, 1], "uv": [64, 14], "mirror": true}
					]
				},
				{
					"name": "bottom_fangs",
					"parent": "fangs",
					"pivot": [0, 31.75, -4.25],
					"cubes": [
						{"origin": [-3, 26, -7.25], "size": [1, 1, 0], "uv": [58, 15]},
						{"origin": [-5, 26, -7.25], "size": [1, 1, 0], "uv": [58, 15]},
						{"origin": [2, 26, -7.25], "size": [1, 1, 0], "uv": [58, 15]},
						{"origin": [4, 26, -7.25], "size": [1, 1, 0], "uv": [58, 15]},
						{"origin": [5, 26, -4.25], "size": [0, 1, 1], "uv": [58, 14]},
						{"origin": [-5, 26, -4.25], "size": [0, 1, 1], "uv": [58, 14], "mirror": true},
						{"origin": [5, 26, -6.25], "size": [0, 1, 1], "uv": [58, 14]},
						{"origin": [-5, 26, -6.25], "size": [0, 1, 1], "uv": [58, 14], "mirror": true}
					]
				},
				{
					"name": "fire",
					"parent": "skull",
					"pivot": [-4, 34.75, 4]
				},
				{
					"name": "horn1",
					"parent": "fire",
					"pivot": [-4, 34.75, 4],
					"rotation": [0, -7.5, 0],
					"cubes": [
						{"origin": [-5, 32, 4], "size": [2, 3, 4], "uv": [17, 31]},
						{"origin": [-5, 29, 4], "size": [1, 2, 4], "pivot": [-4.5, 30, 4], "rotation": [0, -27.5, 0], "uv": [13, 40]},
						{"origin": [-5, 33, 8], "size": [2, 2, 4], "uv": [31, 32]}
					]
				},
				{
					"name": "horn2",
					"parent": "fire",
					"pivot": [4, 34.75, 4],
					"rotation": [0, 7.5, 0],
					"cubes": [
						{"origin": [3, 32, 4], "size": [2, 3, 4], "uv": [17, 31], "mirror": true},
						{"origin": [4, 29, 4], "size": [1, 2, 4], "pivot": [4.5, 30, 4], "rotation": [0, 27.5, 0], "uv": [13, 40], "mirror": true},
						{"origin": [3, 33, 8], "size": [2, 2, 4], "uv": [31, 32], "mirror": true}
					]
				},
				{
					"name": "bipedBody",
					"pivot": [0, 24, 0]
				},
				{
					"name": "armorBody",
					"parent": "bipedBody",
					"pivot": [0, 24, 0],
					"cubes": [
						{"origin": [-4, 12, 2], "size": [8, 13, 1], "uv": [14, 72]},
						{"origin": [-4, 12, -3], "size": [8, 13, 1], "uv": [46, 72]},
						{"origin": [-4, 20, -3.25], "size": [8, 5, 3], "pivot": [0, 24.5, -3], "rotation": [-15, 0, 0], "uv": [11, 53]},
						{"origin": [-3, 17.14341, -4.40109], "size": [6, 3, 3], "pivot": [0, 20.25, -4.5], "rotation": [30, 0, 0], "uv": [13, 61]},
						{"origin": [4, 12, -3], "size": [1, 13, 6], "uv": [0, 67]},
						{"origin": [-5, 12, -3], "size": [1, 13, 6], "uv": [32, 67]},
						{"origin": [-4, 24, -2], "size": [8, 1, 4], "uv": [10, 67]},
						{"origin": [-4, 12, -2], "size": [8, 0, 4], "uv": [11, 92]}
					]
				},
				{
					"name": "cape",
					"parent": "armorBody",
					"pivot": [0, 24, 0],
					"cubes": [
						{"origin": [2, 25.1, 1], "size": [2, 0, 2], "uv": [62, 73]},
						{"origin": [-4, 25.1, 1], "size": [2, 0, 2], "uv": [62, 73]},
						{"origin": [-8, 25.1, 3], "size": [6, 0, 19], "pivot": [-3, 25.1, 3], "rotation": [-75, 0, 0], "uv": [45, 75]},
						{"origin": [2, 25.1, 3], "size": [6, 0, 19], "pivot": [3, 25.1, 3], "rotation": [-75, 0, 0], "uv": [45, 75], "mirror": true}
					]
				},
				{
					"name": "flap",
					"parent": "armorBody",
					"pivot": [4.5, 12, -3]
				},
				{
					"name": "left",
					"parent": "flap",
					"pivot": [4.75, 12, 0],
					"rotation": [0, 0, -7.5],
					"cubes": [
						{"origin": [5, 6, -3], "size": [0, 6, 6], "uv": [1, 80]},
						{"origin": [3, 6, -3], "size": [2, 7, -0.001], "uv": [34, 87]}
					]
				},
				{
					"name": "right",
					"parent": "flap",
					"pivot": [-4.75, 12, 0],
					"rotation": [0, 0, 7.5],
					"cubes": [
						{"origin": [-5, 6, -3], "size": [0, 6, 6], "uv": [1, 80], "mirror": true},
						{"origin": [-5, 6, -3], "size": [2, 7, -0.001], "uv": [34, 87], "mirror": true}
					]
				},
				{
					"name": "back",
					"parent": "flap",
					"pivot": [0, 12, 3],
					"rotation": [30, 0, 0],
					"cubes": [
						{"origin": [-5, 6, 3], "size": [10, 6, 0], "uv": [13, 86]},
						{"origin": [5, 6, 0], "size": [0, 6, 3], "pivot": [5, 9, 3], "rotation": [0, -15, 0], "uv": [37, 83]},
						{"origin": [-5, 6, 0], "size": [0, 6, 3], "pivot": [-5, 9, 3], "rotation": [0, 15, 0], "uv": [37, 83], "mirror": true}
					]
				},
				{
					"name": "armorLeggingTorsoLayer",
					"parent": "bipedBody",
					"pivot": [0, 24, 0]
				},
				{
					"name": "bipedLeftArm",
					"pivot": [4, 22, 0]
				},
				{
					"name": "armorLeftArm",
					"parent": "bipedLeftArm",
					"pivot": [4, 22, 0],
					"cubes": [
						{"origin": [3.75, 15, -2.25], "size": [4.5, 2, 4.5], "uv": [3, 17]},
						{"origin": [3.75, 17, -2.25], "size": [4.5, 5, 4.5], "uv": [3, 8]},
						{"origin": [3.75, 21.5, -2.75], "size": [5.25, 3.5, 5.5], "pivot": [6.5, 23.25, 0], "rotation": [0, 0, 10], "uv": [1, 0]}
					]
				},
				{
					"name": "claws",
					"parent": "armorLeftArm",
					"pivot": [4, 22, 0],
					"cubes": [
						{"origin": [8.25, 14, -1], "size": [2, 3, 0], "uv": [9, 23]},
						{"origin": [8.25, 14, 0], "size": [2, 3, 0], "uv": [9, 23]},
						{"origin": [8.25, 14, 1], "size": [2, 3, 0], "uv": [9, 23]}
					]
				},
				{
					"name": "skull3",
					"parent": "armorLeftArm",
					"pivot": [7.63835, 26.33486, 0],
					"rotation": [0, 0, 12.5],
					"cubes": [
						{"origin": [7.15533, 24.42234, -1.75], "size": [3.5, 2.75, 3.5], "pivot": [8.40533, 26.29734, 0], "rotation": [0, 0, 22.5], "uv": [5, 26]},
						{"origin": [5.54623, 26.62215, -1.75], "size": [2.25, 1, 1], "pivot": [7.47011, 27.50483, -0.75], "rotation": [-1.7505, -16.89116, 37.12276], "uv": [8, 34]},
						{"origin": [5.54623, 26.62215, 0.75], "size": [2.25, 1, 1], "pivot": [7.47011, 27.50483, 0.75], "rotation": [1.7505, 16.89116, 37.12276], "uv": [8, 34]},
						{"origin": [10.65533, 24.42234, -1.25], "size": [3, 1.75, 2.5], "pivot": [8.40533, 26.29734, 0], "rotation": [0, 0, 22.5], "uv": [6, 31]},
						{"origin": [5.54623, 25.12215, -1.75], "size": [2.25, 1, 1], "pivot": [7.47011, 26.00483, -0.75], "rotation": [-1.7505, -16.89116, 23.12276], "uv": [8, 36]},
						{"origin": [5.54623, 25.12215, 0.75], "size": [2.25, 1, 1], "pivot": [7.47011, 26.00483, 0.75], "rotation": [1.7505, 16.89116, 23.12276], "uv": [8, 36]}
					]
				},
				{
					"name": "bipedRightArm",
					"pivot": [-4, 22, 0]
				},
				{
					"name": "armorRightArm",
					"parent": "bipedRightArm",
					"pivot": [-4, 22, 0],
					"cubes": [
						{"origin": [-9, 21.5, -2.75], "size": [5.25, 3.5, 5.5], "pivot": [-6.5, 23.25, 0], "rotation": [0, 0, -10], "uv": [1, 0], "mirror": true},
						{"origin": [-8.25, 17, -2.25], "size": [4.5, 5, 4.5], "uv": [3, 8], "mirror": true},
						{"origin": [-8.25, 15, -2.25], "size": [4.5, 2, 4.5], "uv": [3, 17], "mirror": true}
					]
				},
				{
					"name": "skull2",
					"parent": "armorRightArm",
					"pivot": [-7.63835, 26.33486, 0],
					"rotation": [0, 0, -12.5],
					"cubes": [
						{"origin": [-10.65533, 24.42234, -1.75], "size": [3.5, 2.75, 3.5], "pivot": [-8.40533, 26.29734, 0], "rotation": [0, 0, -22.5], "uv": [5, 26], "mirror": true},
						{"origin": [-7.79623, 26.62215, -1.75], "size": [2.25, 1, 1], "pivot": [-7.47011, 27.50483, -0.75], "rotation": [-1.7505, 16.89116, -37.12276], "uv": [8, 34], "mirror": true},
						{"origin": [-7.79623, 26.62215, 0.75], "size": [2.25, 1, 1], "pivot": [-7.47011, 27.50483, 0.75], "rotation": [1.7505, -16.89116, -37.12276], "uv": [8, 34], "mirror": true},
						{"origin": [-13.65533, 24.42234, -1.25], "size": [3, 1.75, 2.5], "pivot": [-8.40533, 26.29734, 0], "rotation": [0, 0, -22.5], "uv": [6, 31], "mirror": true},
						{"origin": [-7.79623, 25.12215, -1.75], "size": [2.25, 1, 1], "pivot": [-7.47011, 26.00483, -0.75], "rotation": [-1.7505, 16.89116, -23.12276], "uv": [8, 36], "mirror": true},
						{"origin": [-7.79623, 25.12215, 0.75], "size": [2.25, 1, 1], "pivot": [-7.47011, 26.00483, 0.75], "rotation": [1.7505, -16.89116, -23.12276], "uv": [8, 36], "mirror": true}
					]
				},
				{
					"name": "claws2",
					"parent": "armorRightArm",
					"pivot": [-4, 22, 0],
					"cubes": [
						{"origin": [-10.25, 14, -1], "size": [2, 3, 0], "uv": [9, 23], "mirror": true},
						{"origin": [-10.25, 14, 0], "size": [2, 3, 0], "uv": [9, 23], "mirror": true},
						{"origin": [-10.25, 14, 1], "size": [2, 3, 0], "uv": [9, 23], "mirror": true}
					]
				},
				{
					"name": "bipedLeftLeg",
					"pivot": [-2, 12, 0]
				},
				{
					"name": "armorLeftLeg",
					"parent": "bipedLeftLeg",
					"pivot": [-2, 12, 0],
					"cubes": [
						{"origin": [-0.25, 4, -2.25], "size": [4.5, 4.25, 4.5], "uv": [25, 9]},
						{"origin": [-0.5, 8.25, -2.5], "size": [5, 4, 5], "uv": [23, 0]},
						{"origin": [1, 6.5, -3.5], "size": [2, 2, 2], "pivot": [2, 8.5, -3], "rotation": [47.5, 0, 0], "uv": [25, 39]}
					]
				},
				{
					"name": "armorLeftBoot",
					"parent": "bipedLeftLeg",
					"pivot": [-2, 12, 0],
					"cubes": [
						{"origin": [-0.25, -0.2, -2.25], "size": [4.5, 4.2, 4.5], "uv": [25, 21]}
					]
				},
				{
					"name": "flaps",
					"parent": "armorLeftBoot",
					"pivot": [2, 4, 2.25],
					"cubes": [
						{"origin": [-0.25, 4, -2.25], "size": [0, 1.5, 4.5], "pivot": [-0.25, 4, 0], "rotation": [0, 0, -22.5], "uv": [29, 25]},
						{"origin": [4.25, 4, -2.25], "size": [0, 1.5, 4.5], "pivot": [4.25, 4, 0], "rotation": [0, 0, 22.5], "uv": [29, 25], "mirror": true},
						{"origin": [2, 4, -1.5], "size": [0, 1.5, 1.5], "pivot": [2, 4, -2.25], "rotation": [90, -67.5, -90], "uv": [32, 29]},
						{"origin": [5, 4, -1.5], "size": [0, 1.5, 1.5], "pivot": [5, 4, -2.25], "rotation": [90, -67.5, -90], "uv": [32, 29]},
						{"origin": [2, 4, 0], "size": [0, 1.5, 4.5], "pivot": [2, 4, 2.25], "rotation": [-90, 67.5, -90], "uv": [29, 27]}
					]
				},
				{
					"name": "bipedRightLeg",
					"pivot": [2, 12, 0]
				},
				{
					"name": "armorRightLeg",
					"parent": "bipedRightLeg",
					"pivot": [2, 12, 0],
					"cubes": [
						{"origin": [-4.25, 4, -2.25], "size": [4.5, 4.25, 4.5], "uv": [25, 9], "mirror": true},
						{"origin": [-4.5, 8.25, -2.5], "size": [5, 4, 5], "uv": [23, 0], "mirror": true},
						{"origin": [-3, 6.5, -3.5], "size": [2, 2, 2], "pivot": [-2, 8.5, -3], "rotation": [47.5, 0, 0], "uv": [25, 39], "mirror": true}
					]
				},
				{
					"name": "armorRightBoot",
					"parent": "bipedRightLeg",
					"pivot": [2, 12, 0],
					"cubes": [
						{"origin": [-4.25, -0.2, -2.25], "size": [4.5, 4.2, 4.5], "uv": [25, 21], "mirror": true}
					]
				},
				{
					"name": "flaps2",
					"parent": "armorRightBoot",
					"pivot": [2, 4, 2.25],
					"cubes": [
						{"origin": [0.25, 4, -2.25], "size": [0, 1.5, 4.5], "pivot": [0.25, 4, 0], "rotation": [0, 0, 22.5], "uv": [29, 25], "mirror": true},
						{"origin": [-4.25, 4, -2.25], "size": [0, 1.5, 4.5], "pivot": [-4.25, 4, 0], "rotation": [0, 0, -22.5], "uv": [29, 25]},
						{"origin": [-2, 4, -1.5], "size": [0, 1.5, 1.5], "pivot": [-2, 4, -2.25], "rotation": [90, 67.5, 90], "uv": [32, 29], "mirror": true},
						{"origin": [-5, 4, -1.5], "size": [0, 1.5, 1.5], "pivot": [-5, 4, -2.25], "rotation": [90, 67.5, 90], "uv": [32, 29], "mirror": true},
						{"origin": [-2, 4, 0], "size": [0, 1.5, 4.5], "pivot": [-2, 4, 2.25], "rotation": [-90, -67.5, 90], "uv": [29, 27], "mirror": true}
					]
				}
			]
		}
	]
}