{
	"format_version": "1.12.0",
	"minecraft:geometry": [
		{
			"description": {
				"identifier": "geometry.unknown",
				"texture_width": 96,
				"texture_height": 96,
				"visible_bounds_width": 3,
				"visible_bounds_height": 4.5,
				"visible_bounds_offset": [0, 1.75, 0]
			},
			"bones": [
				{
					"name": "bipedHead",
					"pivot": [0, 24, 0]
				},
				{
					"name": "armorHead",
					"parent": "bipedHead",
					"pivot": [0, 24, 0]
				},
				{
					"name": "skull",
					"parent": "armorHead",
					"pivot": [0, 31.75, -4.25],
					"rotation": [12.5, 0, 0],
					"cubes": [
						{"origin": [-5, 29, -5], "size": [10, 6, 9], "uv": [58, 0]},
						{"origin": [-3, 29, -11], "size": [6, 5, 6], "uv": [65, 15]},
						{"origin": [3.9995, 24, -1.25], "size": [1.001, 5, 2], "uv": [63, 26]},
						{"origin": [-5.0005, 24, -1.25], "size": [1.001, 5, 2], "uv": [63, 26]},
						{"origin": [-5.0005, 24, -6.25], "size": [1.001, 2, 5], "uv": [69, 26]},
						{"origin": [-5.0005, 24, -7.25], "size": [3.001, 2, 1], "uv": [81, 30]},
						{"origin": [3.9995, 24, -6.25], "size": [1.001, 2, 5], "uv": [69, 26]},
						{"origin": [1.9995, 24, -7.25], "size": [3.001, 2, 1], "uv": [81, 30]}
					]
				},
				{
					"name": "fangs",
					"parent": "skull",
					"pivot": [0, 31.75, -4.25]
				},
				{
					"name": "top_fangs",
					"parent": "fangs",
					"pivot": [0, 31.75, -4.25],
					"cubes": [
						{"origin": [-3, 27, -11], "size": [1, 2, 0], "uv": [60, 15]},
						{"origin": [2, 27, -11], "size": [1, 2, 0], "uv": [60, 15]},
						{"origin": [-1.5, 28, -11], "size": [1, 1, 0], "uv": [62, 15]},
						{"origin": [0.5, 28, -11], "size": [1, 1, 0], "uv": [62, 15]},
						{"origin": [3, 28, -10], "size": [0, 1, 1], "uv": [64, 14]},
						{"origin": [3, 28, -8], "size": [0, 1, 1], "uv": [64, 14]},
						{"origin": [-3, 28, -8], "size": [0, 1, 1], "uv": [64, 14], "mirror": true},
						{"origin": [-3, 28, -10], "size": [0, 1, 1], "uv": [64, 14], "mirror": true}
					]
				},
				{
					"name": "bottom_fangs",
					"parent": "fangs",
					"pivot": [0, 31.75, -4.25],
					"cubes": [
						{"origin": [-3, 26, -7.25], "size": [1, 1, 0], "uv": [58, 15]},
						{"origin": [-5, 26, -7.25], "size": [1, 1, 0], "uv": [58, 15]},
						{"origin": [2, 26, -7.25], "size": [1, 1, 0], "uv": [58, 15]},
						{"origin": [4, 26, -7.25], "size": [1, 1, 0], "uv": [58, 15]},
						{"origin": [5, 26, -4.25], "size": [0, 1, 1], "uv": [58, 14]},
						{"origin": [-5, 26, -4.25], "size": [0, 1, 1], "uv": [58, 14], "mirror": true},
						{"origin": [5, 26, -6.25], "size": [0, 1, 1], "uv": [58, 14]},
						{"origin": [-5, 26, -6.25], "size": [0, 1, 1], "uv": [58, 14], "mirror": true}
					]
				},
				{
					"name": "lightning",
					"parent": "skull",
					"pivot": [0, 31.75, -4.25]
				},
				{
					"name": "top3",
					"parent": "lightning",
					"pivot": [-4, 34.74, 4],
					"rotation": [0, -7.5, 0],
					"cubes": [
						{"origin": [-5, 32, 4], "size": [2, 3, 4], "uv": [15, 43]},
						{"origin": [-5, 33, 8], "size": [2, 2, 4], "uv": [3, 40]}
					]
				},
				{
					"name": "top2",
					"parent": "lightning",
					"pivot": [4, 34.74, 4],
					"rotation": [0, 7.5, 0],
					"cubes": [
						{"origin": [3, 32, 4], "size": [2, 3, 4], "uv": [15, 43], "mirror": true},
						{"origin": [3, 33, 8], "size": [2, 2, 4], "uv": [3, 40], "mirror": true}
					]
				},
				{
					"name": "bottom3",
					"parent": "lightning",
					"pivot": [0, 31.75, -4.25],
					"cubes": [
						{"origin": [-5, 29, 4], "size": [1, 2, 2], "pivot": [-4.5, 30, 4], "rotation": [0, -27.5, 0], "uv": [31, 44]},
						{"origin": [-5.9235, 29, 5.29804], "size": [1, 2, 2], "pivot": [-5.88525, 30, 5.66103], "rotation": [0, -40, 0], "uv": [25, 42]}
					]
				},
				{
					"name": "bottom2",
					"parent": "lightning",
					"pivot": [0, 31.75, -4.25],
					"cubes": [
						{"origin": [4, 29, 4], "size": [1, 2, 2], "pivot": [4.5, 30, 4], "rotation": [0, 27.5, 0], "uv": [31, 44], "mirror": true},
						{"origin": [4.9235, 29, 5.29804], "size": [1, 2, 2], "pivot": [5.88525, 30, 5.66103], "rotation": [0, 40, 0], "uv": [25, 42], "mirror": true}
					]
				},
				{
					"name": "bottom5",
					"parent": "lightning",
					"pivot": [-4.70137, 30, 3.16641],
					"rotation": [-17.29195, -39.87226, -14.37995],
					"cubes": [
						{"origin": [-5.5, 29, 3], "size": [1, 1, 2], "pivot": [-5, 30, 3], "rotation": [0, -27.5, 0], "uv": [36, 42]},
						{"origin": [-6.4235, 29, 4.29804], "size": [1, 1, 2], "pivot": [-6.38525, 30, 4.66103], "rotation": [0, -40, 0], "uv": [32, 38]}
					]
				},
				{
					"name": "bottom4",
					"parent": "lightning",
					"pivot": [4.70137, 30, 3.16641],
					"rotation": [-17.29195, 39.87226, 14.37995],
					"cubes": [
						{"origin": [4.5, 29, 3], "size": [1, 1, 2], "pivot": [5, 30, 3], "rotation": [0, 27.5, 0], "uv": [36, 42], "mirror": true},
						{"origin": [5.4235, 29, 4.29804], "size": [1, 1, 2], "pivot": [6.38525, 30, 4.66103], "rotation": [0, 40, 0], "uv": [32, 38], "mirror": true}
					]
				},
				{
					"name": "bipedBody",
					"pivot": [0, 24, 0]
				},
				{
					"name": "armorBody",
					"parent": "bipedBody",
					"pivot": [0, 24, 0],
					"cubes": [
						{"origin": [-4, 12, 2], "size": [8, 13, 1], "uv": [14, 72]},
						{"origin": [-4, 12, -3], "size": [8, 13, 1], "uv": [46, 72]},
						{"origin": [-4, 20, -3.25], "size": [8, 5, 3], "pivot": [0, 24.5, -3], "rotation": [-15, 0, 0], "uv": [11, 53]},
						{"origin": [-3, 17.14341, -4.40109], "size": [6, 3, 3], "pivot": [0, 20.25, -4.5], "rotation": [30, 0, 0], "uv": [13, 61]},
						{"origin": [4, 12, -3], "size": [1, 13, 6], "uv": [0, 67]},
						{"origin": [-5, 12, -3], "size": [1, 13, 6], "uv": [32, 67]},
						{"origin": [-4, 24, -2], "size": [8, 1, 4], "uv": [10, 67]},
						{"origin": [-4, 12, -2], "size": [8, 0, 4], "uv": [11, 92]}
					]
				},
				{
					"name": "cape",
					"parent": "armorBody",
					"pivot": [0, 24, 0],
					"cubes": [
						{"origin": [2, 25.1, 1], "size": [2, 0, 2], "uv": [62, 73]},
						{"origin": [-4, 25.1, 1], "size": [2, 0, 2], "uv": [62, 73]},
						{"origin": [-8, 25.1, 3], "size": [6, 0, 19], "pivot": [-3, 25.1, 3], "rotation": [-75, 0, 0], "uv": [45, 75]},
						{"origin": [2, 25.1, 3], "size": [6, 0, 19], "pivot": [3, 25.1, 3], "rotation": [-75, 0, 0], "uv": [45, 75], "mirror": true}
					]
				},
				{
					"name": "flap",
					"parent": "armorBody",
					"pivot": [4.5, 12, -3]
				},
				{
					"name": "left",
					"parent": "flap",
					"pivot": [4.75, 12, 0],
					"rotation": [0, 0, -7.5],
					"cubes": [
						{"origin": [5, 6, -3], "size": [0, 6, 6], "uv": [1, 80]},
						{"origin": [3, 6, -2.99], "size": [2, 7, 0], "uv": [33, 86]}
					]
				},
				{
					"name": "right",
					"parent": "flap",
					"pivot": [-4.75, 12, 0],
					"rotation": [0, 0, 7.5],
					"cubes": [
						{"origin": [-5, 6, -3], "size": [0, 6, 6], "uv": [1, 80], "mirror": true},
						{"origin": [-5, 6, -2.99], "size": [2, 7, 0], "uv": [33, 86], "mirror": true}
					]
				},
				{
					"name": "back",
					"parent": "flap",
					"pivot": [0, 12, 3],
					"rotation": [30, 0, 0],
					"cubes": [
						{"origin": [-5, 6, 3], "size": [10, 6, 0], "uv": [13, 86]},
						{"origin": [5, 6, 0], "size": [0, 6, 3], "pivot": [5, 9, 3], "rotation": [0, -15, 0], "uv": [37, 83]},
						{"origin": [-5, 6, 0], "size": [0, 6, 3], "pivot": [-5, 9, 3], "rotation": [0, 15, 0], "uv": [37, 83], "mirror": true}
					]
				},
				{
					"name": "armorLeggingTorsoLayer",
					"parent": "bipedBody",
					"pivot": [0, 24, 0]
				},
				{
					"name": "bipedLeftArm",
					"pivot": [4, 22, 0]
				},
				{
					"name": "armorLeftArm",
					"parent": "bipedLeftArm",
					"pivot": [4, 22, 0],
					"cubes": [
						{"origin": [3.75, 15, -2.25], "size": [4.5, 2, 4.5], "uv": [3, 17]},
						{"origin": [3.75, 17, -2.25], "size": [4.5, 5, 4.5], "uv": [3, 8]},
						{"origin": [3.75, 21.5, -2.75], "size": [5.25, 3.5, 5.5], "pivot": [6.5, 23.25, 0], "rotation": [0, 0, 10], "uv": [1, 0]}
					]
				},
				{
					"name": "skull3",
					"parent": "armorLeftArm",
					"pivot": [7.63835, 26.33486, 0],
					"rotation": [0, 0, 12.5],
					"cubes": [
						{"origin": [7.15533, 24.42234, -1.75], "size": [3.5, 2.75, 3.5], "pivot": [8.40533, 26.29734, 0], "rotation": [0, 0, 22.5], "uv": [5, 26]},
						{"origin": [5.14623, 26.52215, -1.75], "size": [3.25, 1, 1], "pivot": [8.07011, 27.40483, -0.75], "rotation": [-1.7505, -16.89116, 46.12276], "uv": [7, 34]},
						{"origin": [10.65533, 24.42234, -1.25], "size": [3, 1.75, 2.5], "pivot": [8.40533, 26.29734, 0], "rotation": [0, 0, 22.5], "uv": [6, 31]},
						{"origin": [5.64623, 25.62215, -1.75], "size": [2.25, 1, 1], "pivot": [7.57011, 26.50483, -0.75], "rotation": [1.56783, -24.40528, 29.13707], "uv": [8, 36]},
						{"origin": [5.64623, 24.82215, -1.75], "size": [2.25, 1, 1], "pivot": [7.57011, 25.70483, -0.75], "rotation": [17.36599, -17.48795, -13.21501], "uv": [8, 36]},
						{"origin": [5.14623, 26.52215, 0.75], "size": [3.25, 1, 1], "pivot": [8.07011, 27.40483, 0.75], "rotation": [1.7505, 16.89116, 46.12276], "uv": [7, 34]},
						{"origin": [5.64623, 25.62215, 0.75], "size": [2.25, 1, 1], "pivot": [7.57011, 26.50483, 0.75], "rotation": [-1.56783, 24.40528, 29.13707], "uv": [8, 36]},
						{"origin": [5.64623, 24.82215, 0.75], "size": [2.25, 1, 1], "pivot": [7.57011, 25.70483, 0.75], "rotation": [-17.36599, 17.48795, -13.21501], "uv": [8, 36]}
					]
				},
				{
					"name": "claws",
					"parent": "armorLeftArm",
					"pivot": [4, 22, 0],
					"cubes": [
						{"origin": [8.25, 14, -1], "size": [2, 3, 0], "uv": [26, 35]},
						{"origin": [8.25, 14, 0], "size": [2, 3, 0], "uv": [26, 35]},
						{"origin": [8.25, 14, 1], "size": [2, 3, 0], "uv": [26, 35]}
					]
				},
				{
					"name": "bipedRightArm",
					"pivot": [-4, 22, 0]
				},
				{
					"name": "armorRightArm",
					"parent": "bipedRightArm",
					"pivot": [-4, 22, 0],
					"cubes": [
						{"origin": [-8.25, 15, -2.25], "size": [4.5, 2, 4.5], "uv": [3, 17], "mirror": true},
						{"origin": [-8.25, 17, -2.25], "size": [4.5, 5, 4.5], "uv": [3, 8], "mirror": true},
						{"origin": [-9, 21.5, -2.75], "size": [5.25, 3.5, 5.5], "pivot": [-6.5, 23.25, 0], "rotation": [0, 0, -10], "uv": [1, 0], "mirror": true}
					]
				},
				{
					"name": "skull4",
					"parent": "armorRightArm",
					"pivot": [-7.63835, 26.33486, 0],
					"rotation": [0, 0, -12.5],
					"cubes": [
						{"origin": [-10.65533, 24.42234, -1.75], "size": [3.5, 2.75, 3.5], "pivot": [-8.40533, 26.29734, 0], "rotation": [0, 0, -22.5], "uv": [5, 26], "mirror": true},
						{"origin": [-8.39623, 26.52215, -1.75], "size": [3.25, 1, 1], "pivot": [-8.07011, 27.40483, -0.75], "rotation": [-1.7505, 16.89116, -46.12276], "uv": [7, 34], "mirror": true},
						{"origin": [-13.65533, 24.42234, -1.25], "size": [3, 1.75, 2.5], "pivot": [-8.40533, 26.29734, 0], "rotation": [0, 0, -22.5], "uv": [6, 31], "mirror": true},
						{"origin": [-7.89623, 25.62215, -1.75], "size": [2.25, 1, 1], "pivot": [-7.57011, 26.50483, -0.75], "rotation": [1.56783, 24.40528, -29.13707], "uv": [8, 36], "mirror": true},
						{"origin": [-7.89623, 24.82215, -1.75], "size": [2.25, 1, 1], "pivot": [-7.57011, 25.70483, -0.75], "rotation": [17.36599, 17.48795, 13.21501], "uv": [8, 36], "mirror": true},
						{"origin": [-8.39623, 26.52215, 0.75], "size": [3.25, 1, 1], "pivot": [-8.07011, 27.40483, 0.75], "rotation": [1.7505, -16.89116, -46.12276], "uv": [7, 34], "mirror": true},
						{"origin": [-7.89623, 25.62215, 0.75], "size": [2.25, 1, 1], "pivot": [-7.57011, 26.50483, 0.75], "rotation": [-1.56783, -24.40528, -29.13707], "uv": [8, 36], "mirror": true},
						{"origin": [-7.89623, 24.82215, 0.75], "size": [2.25, 1, 1], "pivot": [-7.57011, 25.70483, 0.75], "rotation": [-17.36599, -17.48795, 13.21501], "uv": [8, 36], "mirror": true}
					]
				},
				{
					"name": "claws2",
					"parent": "armorRightArm",
					"pivot": [-4, 22, 0],
					"cubes": [
						{"origin": [-10.25, 14, -1], "size": [2, 3, 0], "uv": [26, 35], "mirror": true},
						{"origin": [-10.25, 14, 0], "size": [2, 3, 0], "uv": [26, 35], "mirror": true},
						{"origin": [-10.25, 14, 1], "size": [2, 3, 0], "uv": [26, 35], "mirror": true}
					]
				},
				{
					"name": "bipedLeftLeg",
					"pivot": [-2, 12, 0]
				},
				{
					"name": "armorLeftLeg",
					"parent": "bipedLeftLeg",
					"pivot": [-2, 12, 0],
					"cubes": [
						{"origin": [-0.25, 4, -2.25], "size": [4.5, 4.25, 4.5], "uv": [25, 9]},
						{"origin": [-0.5, 8.25, -2.5], "size": [5, 4, 5], "uv": [23, 0]},
						{"origin": [1, 6.5, -3.5], "size": [2, 2, 2], "pivot": [2, 8.5, -3], "rotation": [47.5, 0, 0], "uv": [16, 34]}
					]
				},
				{
					"name": "armorLeftBoot",
					"parent": "bipedLeftLeg",
					"pivot": [-2, 12, 0],
					"cubes": [
						{"origin": [-0.25, -0.2, -2.25], "size": [4.5, 4.2, 4.5], "uv": [25, 21]}
					]
				},
				{
					"name": "flaps",
					"parent": "armorLeftBoot",
					"pivot": [2, 4, 2.25],
					"cubes": [
						{"origin": [-0.25, 4, -2.25], "size": [0, 1.5, 4.5], "pivot": [-0.25, 4, 0], "rotation": [0, 0, -22.5], "uv": [29, 25]},
						{"origin": [4.25, 4, -2.25], "size": [0, 1.5, 4.5], "pivot": [4.25, 4, 0], "rotation": [0, 0, 22.5], "uv": [29, 25], "mirror": true},
						{"origin": [2, 4, -1.5], "size": [0, 1.5, 1.5], "pivot": [2, 4, -2.25], "rotation": [90, -67.5, -90], "uv": [32, 29]},
						{"origin": [5, 4, -1.5], "size": [0, 1.5, 1.5], "pivot": [5, 4, -2.25], "rotation": [90, -67.5, -90], "uv": [32, 29]},
						{"origin": [2, 4, 0], "size": [0, 1.5, 4.5], "pivot": [2, 4, 2.25], "rotation": [-90, 67.5, -90], "uv": [29, 27]}
					]
				},
				{
					"name": "bipedRightLeg",
					"pivot": [2, 12, 0]
				},
				{
					"name": "armorRightLeg",
					"parent": "bipedRightLeg",
					"pivot": [2, 12, 0],
					"cubes": [
						{"origin": [-4.25, 4, -2.25], "size": [4.5, 4.25, 4.5], "uv": [25, 9], "mirror": true},
						{"origin": [-4.5, 8.25, -2.5], "size": [5, 4, 5], "uv": [23, 0], "mirror": true},
						{"origin": [-3, 6.5, -3.5], "size": [2, 2, 2], "pivot": [-2, 8.5, -3], "rotation": [47.5, 0, 0], "uv": [16, 34], "mirror": true}
					]
				},
				{
					"name": "armorRightBoot",
					"parent": "bipedRightLeg",
					"pivot": [2, 12, 0],
					"cubes": [
						{"origin": [-4.25, -0.2, -2.25], "size": [4.5, 4.2, 4.5], "uv": [25, 21], "mirror": true}
					]
				},
				{
					"name": "flaps2",
					"parent": "armorRightBoot",
					"pivot": [2, 4, 2.25],
					"cubes": [
						{"origin": [0.25, 4, -2.25], "size": [0, 1.5, 4.5], "pivot": [0.25, 4, 0], "rotation": [0, 0, 22.5], "uv": [29, 25], "mirror": true},
						{"origin": [-4.25, 4, -2.25], "size": [0, 1.5, 4.5], "pivot": [-4.25, 4, 0], "rotation": [0, 0, -22.5], "uv": [29, 25]},
						{"origin": [-2, 4, -1.5], "size": [0, 1.5, 1.5], "pivot": [-2, 4, -2.25], "rotation": [90, 67.5, 90], "uv": [32, 29], "mirror": true},
						{"origin": [-5, 4, -1.5], "size": [0, 1.5, 1.5], "pivot": [-5, 4, -2.25], "rotation": [90, 67.5, 90], "uv": [32, 29], "mirror": true},
						{"origin": [-2, 4, 0], "size": [0, 1.5, 4.5], "pivot": [-2, 4, 2.25], "rotation": [-90, -67.5, 90], "uv": [29, 27], "mirror": true}
					]
				}
			]
		}
	]
}