{
	"credit": "Made with Blockbench",
	"texture_size": [32, 32],
	"textures": {
		"1": "ice_and_fire_spellbooks:item/staff/fire_staff_animation"
	},
	"elements": [
		{
			"from": [7.5, 0.8, 10.1],
			"to": [8.5, 18.8, 11.1],
			"rotation": {"angle": -22.5, "axis": "x", "origin": [8, 16.08276, 10.66368]},
			"faces": {
				"north": {"uv": [0, 0, 0.5, 9], "texture": "#1"},
				"east": {"uv": [0.5, 0, 1, 9], "texture": "#1"},
				"south": {"uv": [1, 0, 1.5, 9], "texture": "#1"},
				"west": {"uv": [1.5, 0, 2, 9], "texture": "#1"},
				"up": {"uv": [8.5, 2.5, 8, 2], "texture": "#1"},
				"down": {"uv": [3.5, 8, 3, 8.5], "texture": "#1"}
			}
		},
		{
			"from": [7.4995, 18.36879, 9.06501],
			"to": [8.5005, 19.56879, 10.06501],
			"rotation": {"angle": 0, "axis": "y", "origin": [8, 16.08276, 10.66368]},
			"faces": {
				"north": {"uv": [8, 3, 8.5, 3.5], "texture": "#1"},
				"east": {"uv": [3.5, 8, 4, 8.5], "texture": "#1"},
				"south": {"uv": [8, 3.5, 8.5, 4], "texture": "#1"},
				"west": {"uv": [4, 8, 4.5, 8.5], "texture": "#1"},
				"up": {"uv": [6, 8.5, 5.5, 8], "texture": "#1"},
				"down": {"uv": [6.5, 8, 6, 8.5], "texture": "#1"}
			}
		},
		{
			"from": [7.5, 18.92354, 11.70431],
			"to": [8.5, 20.32354, 12.70431],
			"rotation": {"angle": -45, "axis": "x", "origin": [8, 16.08276, 10.66368]},
			"faces": {
				"north": {"uv": [6.5, 8, 7, 8.5], "texture": "#1"},
				"east": {"uv": [7, 8, 7.5, 8.5], "texture": "#1"},
				"south": {"uv": [7.5, 8, 8, 8.5], "texture": "#1"},
				"west": {"uv": [8, 8, 8.5, 8.5], "texture": "#1"},
				"up": {"uv": [9, 2, 8.5, 1.5], "texture": "#1"},
				"down": {"uv": [2.5, 8.5, 2, 9], "texture": "#1"}
			}
		},
		{
			"from": [7.4995, 20.20432, 9.99322],
			"to": [8.5005, 21.70432, 10.99322],
			"rotation": {"angle": -22.5, "axis": "x", "origin": [8, 16.08276, 10.66368]},
			"faces": {
				"north": {"uv": [3, 4.5, 3.5, 5.5], "texture": "#1"},
				"east": {"uv": [7.5, 0.5, 8, 1.5], "texture": "#1"},
				"south": {"uv": [7.5, 1.5, 8, 2.5], "texture": "#1"},
				"west": {"uv": [7.5, 3, 8, 4], "texture": "#1"},
				"up": {"uv": [9, 2.5, 8.5, 2], "texture": "#1"},
				"down": {"uv": [3, 8.5, 2.5, 9], "texture": "#1"}
			}
		},
		{
			"from": [7.5, 20.70251, 7.91686],
			"to": [8.5, 23.20251, 8.91686],
			"rotation": {"angle": 0, "axis": "y", "origin": [8, 16.08276, 10.66368]},
			"faces": {
				"north": {"uv": [3, 6.5, 3.5, 8], "texture": "#1"},
				"east": {"uv": [3.5, 6.5, 4, 8], "texture": "#1"},
				"south": {"uv": [4, 6.5, 4.5, 8], "texture": "#1"},
				"west": {"uv": [7, 1, 7.5, 2.5], "texture": "#1"},
				"up": {"uv": [9, 3, 8.5, 2.5], "texture": "#1"},
				"down": {"uv": [3.5, 8.5, 3, 9], "texture": "#1"}
			}
		},
		{
			"from": [7.37495, 22.20432, 7.49322],
			"to": [8.62505, 24.70432, 9.49322],
			"rotation": {"angle": -45, "axis": "x", "origin": [8.12495, 22.90432, 8.39322]},
			"faces": {
				"north": {"uv": [2, 7, 2.5, 8.5], "texture": "#1"},
				"east": {"uv": [4.5, 1.5, 5.5, 3], "texture": "#1"},
				"south": {"uv": [2.5, 7, 3, 8.5], "texture": "#1"},
				"west": {"uv": [2, 4.5, 3, 6], "texture": "#1"},
				"up": {"uv": [5, 8.5, 4.5, 7.5], "texture": "#1"},
				"down": {"uv": [5.5, 7.5, 5, 8.5], "texture": "#1"}
			}
		},
		{
			"from": [6.75, 24.30432, 2.39322],
			"to": [9.25, 26.30432, 5.39322],
			"rotation": {"angle": 22.5, "axis": "x", "origin": [8, 25.36682, 5.39322]},
			"faces": {
				"north": {"uv": [4.5, 3, 6, 4], "texture": "#1"},
				"east": {"uv": [4.5, 4, 6, 5], "texture": "#1"},
				"south": {"uv": [5, 0, 6.5, 1], "texture": "#1"},
				"west": {"uv": [4.5, 5, 6, 6], "texture": "#1"},
				"up": {"uv": [3.5, 1.5, 2, 0], "texture": "#1"},
				"down": {"uv": [3.5, 1.5, 2, 3], "texture": "#1"}
			}
		},
		{
			"from": [6.5, 24.30432, 5.39322],
			"to": [9.5, 26.55432, 8.39322],
			"rotation": {"angle": 22.5, "axis": "x", "origin": [8, 25.36682, 5.39322]},
			"faces": {
				"north": {"uv": [5.5, 1, 7, 2], "texture": "#1"},
				"east": {"uv": [5.5, 2, 7, 3], "texture": "#1"},
				"south": {"uv": [3, 5.5, 4.5, 6.5], "texture": "#1"},
				"west": {"uv": [6, 3, 7.5, 4], "texture": "#1"},
				"up": {"uv": [3.5, 4.5, 2, 3], "texture": "#1"},
				"down": {"uv": [5, 0, 3.5, 1.5], "texture": "#1"}
			}
		},
		{
			"from": [7, 25.30432, 2.34322],
			"to": [7.3, 25.60432, 2.34322],
			"rotation": {"angle": 45, "axis": "z", "origin": [7.15, 25.45432, 2.34322]},
			"faces": {
				"north": {"uv": [8.5, 3, 9, 3.5], "texture": "#1"},
				"east": {"uv": [0, 0, 0, 0.5], "texture": "#1"},
				"south": {"uv": [3.5, 8.5, 4, 9], "texture": "#1"},
				"west": {"uv": [0, 0, 0, 0.5], "texture": "#1"},
				"up": {"uv": [0.5, 0, 0, 0], "texture": "#1"},
				"down": {"uv": [0.5, 0, 0, 0], "texture": "#1"}
			}
		},
		{
			"from": [8.7, 25.30432, 2.34322],
			"to": [9, 25.60432, 2.34322],
			"rotation": {"angle": -45, "axis": "z", "origin": [8.85, 25.45432, 2.34322]},
			"faces": {
				"north": {"uv": [8.5, 3.5, 9, 4], "texture": "#1"},
				"east": {"uv": [0, 0, 0, 0.5], "texture": "#1"},
				"south": {"uv": [4, 8.5, 4.5, 9], "texture": "#1"},
				"west": {"uv": [0, 0, 0, 0.5], "texture": "#1"},
				"up": {"uv": [0.5, 0, 0, 0], "texture": "#1"},
				"down": {"uv": [0.5, 0, 0, 0], "texture": "#1"}
			}
		},
		{
			"from": [7.5, 25.20432, 2.34322],
			"to": [8, 25.70432, 2.34322],
			"rotation": {"angle": 45, "axis": "z", "origin": [7.65, 25.35432, 2.34322]},
			"faces": {
				"north": {"uv": [8.5, 4, 9, 4.5], "texture": "#1"},
				"east": {"uv": [0, 0, 0, 0.5], "texture": "#1"},
				"south": {"uv": [4.5, 8.5, 5, 9], "texture": "#1"},
				"west": {"uv": [0, 0, 0, 0.5], "texture": "#1"},
				"up": {"uv": [0.5, 0, 0, 0], "texture": "#1"},
				"down": {"uv": [0.5, 0, 0, 0], "texture": "#1"}
			}
		},
		{
			"from": [8, 25.20432, 2.34322],
			"to": [8.5, 25.70432, 2.34322],
			"rotation": {"angle": -45, "axis": "z", "origin": [8.35, 25.35432, 2.34322]},
			"faces": {
				"north": {"uv": [8.5, 4.5, 9, 5], "texture": "#1"},
				"east": {"uv": [0, 0, 0, 0.5], "texture": "#1"},
				"south": {"uv": [5, 8.5, 5.5, 9], "texture": "#1"},
				"west": {"uv": [0, 0, 0, 0.5], "texture": "#1"},
				"up": {"uv": [0.5, 0, 0, 0], "texture": "#1"},
				"down": {"uv": [0.5, 0, 0, 0], "texture": "#1"}
			}
		},
		{
			"from": [6.85, 24.00432, 5.59322],
			"to": [6.85, 24.30432, 5.89322],
			"rotation": {"angle": 45, "axis": "x", "origin": [6.85, 24.15432, 5.74322]},
			"faces": {
				"north": {"uv": [0, 0, 0, 0.5], "texture": "#1"},
				"east": {"uv": [8.5, 5, 9, 5.5], "texture": "#1"},
				"south": {"uv": [0, 0, 0, 0.5], "texture": "#1"},
				"west": {"uv": [5.5, 8.5, 6, 9], "texture": "#1"},
				"up": {"uv": [0, 0.5, 0, 0], "texture": "#1"},
				"down": {"uv": [0, 0, 0, 0.5], "texture": "#1"}
			}
		},
		{
			"from": [6.85, 24.20432, 5.09322],
			"to": [6.85, 24.50432, 5.39322],
			"rotation": {"angle": 45, "axis": "x", "origin": [6.85, 24.35432, 5.24322]},
			"faces": {
				"north": {"uv": [0, 0, 0, 0.5], "texture": "#1"},
				"east": {"uv": [8.5, 5.5, 9, 6], "texture": "#1"},
				"south": {"uv": [0, 0, 0, 0.5], "texture": "#1"},
				"west": {"uv": [6, 8.5, 6.5, 9], "texture": "#1"},
				"up": {"uv": [0, 0.5, 0, 0], "texture": "#1"},
				"down": {"uv": [0, 0, 0, 0.5], "texture": "#1"}
			}
		},
		{
			"from": [6.85, 24.40432, 4.59322],
			"to": [6.85, 24.70432, 4.89322],
			"rotation": {"angle": 45, "axis": "x", "origin": [6.85, 24.55432, 4.74322]},
			"faces": {
				"north": {"uv": [0, 0, 0, 0.5], "texture": "#1"},
				"east": {"uv": [5, 1, 5.5, 1.5], "texture": "#1"},
				"south": {"uv": [0, 0, 0, 0.5], "texture": "#1"},
				"west": {"uv": [8, 1.5, 8.5, 2], "texture": "#1"},
				"up": {"uv": [0, 0.5, 0, 0], "texture": "#1"},
				"down": {"uv": [0, 0, 0, 0.5], "texture": "#1"}
			}
		},
		{
			"from": [6.85, 24.60432, 4.09322],
			"to": [6.85, 24.90432, 4.39322],
			"rotation": {"angle": 45, "axis": "x", "origin": [6.85, 24.75432, 4.24322]},
			"faces": {
				"north": {"uv": [0, 0, 0, 0.5], "texture": "#1"},
				"east": {"uv": [8.5, 6, 9, 6.5], "texture": "#1"},
				"south": {"uv": [0, 0, 0, 0.5], "texture": "#1"},
				"west": {"uv": [6.5, 8.5, 7, 9], "texture": "#1"},
				"up": {"uv": [0, 0.5, 0, 0], "texture": "#1"},
				"down": {"uv": [0, 0, 0, 0.5], "texture": "#1"}
			}
		},
		{
			"from": [6.85, 24.80432, 3.59322],
			"to": [6.85, 25.10432, 3.89322],
			"rotation": {"angle": 45, "axis": "x", "origin": [6.85, 24.95432, 3.74322]},
			"faces": {
				"north": {"uv": [0, 0, 0, 0.5], "texture": "#1"},
				"east": {"uv": [8.5, 6.5, 9, 7], "texture": "#1"},
				"south": {"uv": [0, 0, 0, 0.5], "texture": "#1"},
				"west": {"uv": [7, 8.5, 7.5, 9], "texture": "#1"},
				"up": {"uv": [0, 0.5, 0, 0], "texture": "#1"},
				"down": {"uv": [0, 0, 0, 0.5], "texture": "#1"}
			}
		},
		{
			"from": [6.85, 25.00432, 3.09322],
			"to": [6.85, 25.30432, 3.39322],
			"rotation": {"angle": 45, "axis": "x", "origin": [6.85, 25.15432, 3.24322]},
			"faces": {
				"north": {"uv": [0, 0, 0, 0.5], "texture": "#1"},
				"east": {"uv": [8.5, 7, 9, 7.5], "texture": "#1"},
				"south": {"uv": [0, 0, 0, 0.5], "texture": "#1"},
				"west": {"uv": [7.5, 8.5, 8, 9], "texture": "#1"},
				"up": {"uv": [0, 0.5, 0, 0], "texture": "#1"},
				"down": {"uv": [0, 0, 0, 0.5], "texture": "#1"}
			}
		},
		{
			"from": [6.85, 25.30432, 2.59322],
			"to": [6.85, 25.60432, 2.89322],
			"rotation": {"angle": 45, "axis": "x", "origin": [6.85, 25.45432, 2.74322]},
			"faces": {
				"north": {"uv": [0, 0, 0, 0.5], "texture": "#1"},
				"east": {"uv": [8.5, 7.5, 9, 8], "texture": "#1"},
				"south": {"uv": [0, 0, 0, 0.5], "texture": "#1"},
				"west": {"uv": [8, 8.5, 8.5, 9], "texture": "#1"},
				"up": {"uv": [0, 0.5, 0, 0], "texture": "#1"},
				"down": {"uv": [0, 0, 0, 0.5], "texture": "#1"}
			}
		},
		{
			"from": [9.15, 24.00432, 5.59322],
			"to": [9.15, 24.30432, 5.89322],
			"rotation": {"angle": 45, "axis": "x", "origin": [9.15, 24.15432, 5.74322]},
			"faces": {
				"north": {"uv": [0, 0, 0, 0.5], "texture": "#1"},
				"east": {"uv": [8.5, 8, 9, 8.5], "texture": "#1"},
				"south": {"uv": [0, 0, 0, 0.5], "texture": "#1"},
				"west": {"uv": [8.5, 8.5, 9, 9], "texture": "#1"},
				"up": {"uv": [0, 0.5, 0, 0], "texture": "#1"},
				"down": {"uv": [0, 0, 0, 0.5], "texture": "#1"}
			}
		},
		{
			"from": [9.15, 24.20432, 5.09322],
			"to": [9.15, 24.50432, 5.39322],
			"rotation": {"angle": 45, "axis": "x", "origin": [9.15, 24.35432, 5.24322]},
			"faces": {
				"north": {"uv": [0, 0, 0, 0.5], "texture": "#1"},
				"east": {"uv": [0, 9, 0.5, 9.5], "texture": "#1"},
				"south": {"uv": [0, 0, 0, 0.5], "texture": "#1"},
				"west": {"uv": [9, 0, 9.5, 0.5], "texture": "#1"},
				"up": {"uv": [0, 0.5, 0, 0], "texture": "#1"},
				"down": {"uv": [0, 0, 0, 0.5], "texture": "#1"}
			}
		},
		{
			"from": [9.15, 24.40432, 4.59322],
			"to": [9.15, 24.70432, 4.89322],
			"rotation": {"angle": 45, "axis": "x", "origin": [9.15, 24.55432, 4.74322]},
			"faces": {
				"north": {"uv": [0, 0, 0, 0.5], "texture": "#1"},
				"east": {"uv": [0.5, 9, 1, 9.5], "texture": "#1"},
				"south": {"uv": [0, 0, 0, 0.5], "texture": "#1"},
				"west": {"uv": [9, 0.5, 9.5, 1], "texture": "#1"},
				"up": {"uv": [0, 0.5, 0, 0], "texture": "#1"},
				"down": {"uv": [0, 0, 0, 0.5], "texture": "#1"}
			}
		},
		{
			"from": [9.15, 24.60432, 4.09322],
			"to": [9.15, 24.90432, 4.39322],
			"rotation": {"angle": 45, "axis": "x", "origin": [9.15, 24.75432, 4.24322]},
			"faces": {
				"north": {"uv": [0, 0, 0, 0.5], "texture": "#1"},
				"east": {"uv": [1, 9, 1.5, 9.5], "texture": "#1"},
				"south": {"uv": [0, 0, 0, 0.5], "texture": "#1"},
				"west": {"uv": [9, 1, 9.5, 1.5], "texture": "#1"},
				"up": {"uv": [0, 0.5, 0, 0], "texture": "#1"},
				"down": {"uv": [0, 0, 0, 0.5], "texture": "#1"}
			}
		},
		{
			"from": [9.15, 24.80432, 3.59322],
			"to": [9.15, 25.10432, 3.89322],
			"rotation": {"angle": 45, "axis": "x", "origin": [9.15, 24.95432, 3.74322]},
			"faces": {
				"north": {"uv": [0, 0, 0, 0.5], "texture": "#1"},
				"east": {"uv": [1.5, 9, 2, 9.5], "texture": "#1"},
				"south": {"uv": [0, 0, 0, 0.5], "texture": "#1"},
				"west": {"uv": [9, 1.5, 9.5, 2], "texture": "#1"},
				"up": {"uv": [0, 0.5, 0, 0], "texture": "#1"},
				"down": {"uv": [0, 0, 0, 0.5], "texture": "#1"}
			}
		},
		{
			"from": [9.15, 25.00432, 3.09322],
			"to": [9.15, 25.30432, 3.39322],
			"rotation": {"angle": 45, "axis": "x", "origin": [9.15, 25.15432, 3.24322]},
			"faces": {
				"north": {"uv": [0, 0, 0, 0.5], "texture": "#1"},
				"east": {"uv": [2, 9, 2.5, 9.5], "texture": "#1"},
				"south": {"uv": [0, 0, 0, 0.5], "texture": "#1"},
				"west": {"uv": [9, 2, 9.5, 2.5], "texture": "#1"},
				"up": {"uv": [0, 0.5, 0, 0], "texture": "#1"},
				"down": {"uv": [0, 0, 0, 0.5], "texture": "#1"}
			}
		},
		{
			"from": [9.15, 25.30432, 2.59322],
			"to": [9.15, 25.60432, 2.89322],
			"rotation": {"angle": 45, "axis": "x", "origin": [9.15, 25.45432, 2.74322]},
			"faces": {
				"north": {"uv": [0, 0, 0, 0.5], "texture": "#1"},
				"east": {"uv": [2.5, 9, 3, 9.5], "texture": "#1"},
				"south": {"uv": [0, 0, 0, 0.5], "texture": "#1"},
				"west": {"uv": [9, 2.5, 9.5, 3], "texture": "#1"},
				"up": {"uv": [0, 0.5, 0, 0], "texture": "#1"},
				"down": {"uv": [0, 0, 0, 0.5], "texture": "#1"}
			}
		},
		{
			"from": [6.69995, 25.80432, 7.29322],
			"to": [6.70005, 27.05432, 10.29322],
			"rotation": {"angle": -22.5, "axis": "x", "origin": [7.19995, 25.00432, 11.29322]},
			"faces": {
				"north": {"uv": [0, 0, 0, 0.5], "texture": "#1"},
				"east": {"uv": [13.5, 0.75, 15.25, 1.5], "texture": "#1"},
				"south": {"uv": [0, 0, 0, 0.5], "texture": "#1"},
				"west": {"uv": [15.25, 0.75, 13.5, 1.5], "texture": "#1"},
				"up": {"uv": [0, 1.5, 0, 0], "texture": "#1"},
				"down": {"uv": [0, 0, 0, 1.5], "texture": "#1"}
			}
		},
		{
			"from": [9.29995, 25.80432, 7.29322],
			"to": [9.30005, 27.05432, 10.29322],
			"rotation": {"angle": -22.5, "axis": "x", "origin": [8.79995, 25.00432, 11.29322]},
			"faces": {
				"north": {"uv": [0, 0, 0, 0.5], "texture": "#1"},
				"east": {"uv": [13.5, 0.75, 15.25, 1.5], "texture": "#1"},
				"south": {"uv": [0, 0, 0, 0.5], "texture": "#1"},
				"west": {"uv": [15.25, 0.75, 13.5, 1.5], "texture": "#1"},
				"up": {"uv": [0, 1.5, 0, 0], "texture": "#1"},
				"down": {"uv": [0, 0, 0, 1.5], "texture": "#1"}
			}
		},
		{
			"from": [6.94995, 22.90432, 6.99322],
			"to": [6.95005, 23.55432, 8.89322],
			"rotation": {"angle": 22.5, "axis": "x", "origin": [7.44995, 22.10432, 9.99322]},
			"faces": {
				"north": {"uv": [0, 0, 0, 0.5], "texture": "#1"},
				"east": {"uv": [13.75, 2, 15.25, 2.5], "texture": "#1"},
				"south": {"uv": [0, 0, 0, 0.5], "texture": "#1"},
				"west": {"uv": [15.25, 2, 13.75, 2.5], "texture": "#1"},
				"up": {"uv": [0, 1, 0, 0], "texture": "#1"},
				"down": {"uv": [0, 0, 0, 1], "texture": "#1"}
			}
		},
		{
			"from": [9.04995, 22.90432, 6.99322],
			"to": [9.05005, 23.55432, 8.89322],
			"rotation": {"angle": 22.5, "axis": "x", "origin": [8.54995, 22.10432, 9.99322]},
			"faces": {
				"north": {"uv": [0, 0, 0, 0.5], "texture": "#1"},
				"east": {"uv": [13.75, 2, 15.25, 2.5], "texture": "#1"},
				"south": {"uv": [0, 0, 0, 0.5], "texture": "#1"},
				"west": {"uv": [15.25, 2, 13.75, 2.5], "texture": "#1"},
				"up": {"uv": [0, 1, 0, 0], "texture": "#1"},
				"down": {"uv": [0, 0, 0, 1], "texture": "#1"}
			}
		},
		{
			"from": [7.59995, 21.91997, 8.3664],
			"to": [7.60005, 22.91997, 11.3664],
			"rotation": {"angle": 45, "axis": "x", "origin": [7.99995, 22.80432, 8.99322]},
			"faces": {
				"north": {"uv": [0, 0, 0, 0.5], "texture": "#1"},
				"east": {"uv": [13.5, 2, 15.25, 2.5], "texture": "#1"},
				"south": {"uv": [0, 0, 0, 0.5], "texture": "#1"},
				"west": {"uv": [15.25, 2, 13.5, 2.5], "texture": "#1"},
				"up": {"uv": [0, 1.5, 0, 0], "texture": "#1"},
				"down": {"uv": [0, 0, 0, 1.5], "texture": "#1"}
			}
		},
		{
			"from": [8.39995, 21.91997, 8.3664],
			"to": [8.40005, 22.91997, 11.3664],
			"rotation": {"angle": 45, "axis": "x", "origin": [7.99995, 22.80432, 8.99322]},
			"faces": {
				"north": {"uv": [0, 0, 0, 0.5], "texture": "#1"},
				"east": {"uv": [13.5, 2.5, 15.25, 2], "texture": "#1"},
				"south": {"uv": [0, 0, 0, 0.5], "texture": "#1"},
				"west": {"uv": [15.25, 2, 13.5, 2.5], "texture": "#1"},
				"up": {"uv": [0, 1.5, 0, 0], "texture": "#1"},
				"down": {"uv": [0, 0, 0, 1.5], "texture": "#1"}
			}
		},
		{
			"from": [6.875, 22.5259, 6.44609],
			"to": [9.125, 24.2759, 8.19609],
			"rotation": {"angle": -45, "axis": "x", "origin": [8.625, 23.19665, 6.81131]},
			"faces": {
				"north": {"uv": [2, 6, 3, 7], "texture": "#1"},
				"east": {"uv": [6, 4, 7, 5], "texture": "#1"},
				"south": {"uv": [4.5, 6, 5.5, 7], "texture": "#1"},
				"west": {"uv": [6, 5, 7, 6], "texture": "#1"},
				"up": {"uv": [6.5, 7, 5.5, 6], "texture": "#1"},
				"down": {"uv": [7.5, 0, 6.5, 1], "texture": "#1"}
			}
		},
		{
			"from": [7, 22.4759, 2.74609],
			"to": [9, 23.4759, 6.79609],
			"rotation": {"angle": -22.5, "axis": "x", "origin": [8.5, 22.39665, 6.11131]},
			"faces": {
				"north": {"uv": [8, 0.5, 9, 1], "texture": "#1"},
				"east": {"uv": [6.5, 6, 8.5, 6.5], "texture": "#1"},
				"south": {"uv": [8, 1, 9, 1.5], "texture": "#1"},
				"west": {"uv": [6.5, 6.5, 8.5, 7], "texture": "#1"},
				"up": {"uv": [4.5, 3.5, 3.5, 1.5], "texture": "#1"},
				"down": {"uv": [4.5, 3.5, 3.5, 5.5], "texture": "#1"}
			}
		},
		{
			"from": [7.1, 22.9367, 5.04116],
			"to": [7.1, 23.2367, 5.34116],
			"rotation": {"angle": 45, "axis": "x", "origin": [7.1, 23.0867, 5.19116]},
			"faces": {
				"north": {"uv": [0, 0, 0, 0.5], "texture": "#1"},
				"east": {"uv": [3, 9, 3.5, 9.5], "texture": "#1"},
				"south": {"uv": [0, 0, 0, 0.5], "texture": "#1"},
				"west": {"uv": [9, 3, 9.5, 3.5], "texture": "#1"},
				"up": {"uv": [0, 0.5, 0, 0], "texture": "#1"},
				"down": {"uv": [0, 0, 0, 0.5], "texture": "#1"}
			}
		},
		{
			"from": [7.1, 22.7367, 4.54116],
			"to": [7.1, 23.0367, 4.84116],
			"rotation": {"angle": 45, "axis": "x", "origin": [7.1, 22.8867, 4.69116]},
			"faces": {
				"north": {"uv": [0, 0, 0, 0.5], "texture": "#1"},
				"east": {"uv": [3.5, 9, 4, 9.5], "texture": "#1"},
				"south": {"uv": [0, 0, 0, 0.5], "texture": "#1"},
				"west": {"uv": [9, 3.5, 9.5, 4], "texture": "#1"},
				"up": {"uv": [0, 0.5, 0, 0], "texture": "#1"},
				"down": {"uv": [0, 0, 0, 0.5], "texture": "#1"}
			}
		},
		{
			"from": [7.1, 22.5367, 4.04116],
			"to": [7.1, 22.8367, 4.34116],
			"rotation": {"angle": 45, "axis": "x", "origin": [7.1, 22.6867, 4.19116]},
			"faces": {
				"north": {"uv": [0, 0, 0, 0.5], "texture": "#1"},
				"east": {"uv": [4, 9, 4.5, 9.5], "texture": "#1"},
				"south": {"uv": [0, 0, 0, 0.5], "texture": "#1"},
				"west": {"uv": [9, 4, 9.5, 4.5], "texture": "#1"},
				"up": {"uv": [0, 0.5, 0, 0], "texture": "#1"},
				"down": {"uv": [0, 0, 0, 0.5], "texture": "#1"}
			}
		},
		{
			"from": [7.1, 22.3367, 3.54116],
			"to": [7.1, 22.6367, 3.84116],
			"rotation": {"angle": 45, "axis": "x", "origin": [7.1, 22.4867, 3.69116]},
			"faces": {
				"north": {"uv": [0, 0, 0, 0.5], "texture": "#1"},
				"east": {"uv": [4.5, 9, 5, 9.5], "texture": "#1"},
				"south": {"uv": [0, 0, 0, 0.5], "texture": "#1"},
				"west": {"uv": [9, 4.5, 9.5, 5], "texture": "#1"},
				"up": {"uv": [0, 0.5, 0, 0], "texture": "#1"},
				"down": {"uv": [0, 0, 0, 0.5], "texture": "#1"}
			}
		},
		{
			"from": [7.1, 22.1367, 3.04116],
			"to": [7.1, 22.4367, 3.34116],
			"rotation": {"angle": 45, "axis": "x", "origin": [7.1, 22.2867, 3.19116]},
			"faces": {
				"north": {"uv": [0, 0, 0, 0.5], "texture": "#1"},
				"east": {"uv": [5, 9, 5.5, 9.5], "texture": "#1"},
				"south": {"uv": [0, 0, 0, 0.5], "texture": "#1"},
				"west": {"uv": [9, 5, 9.5, 5.5], "texture": "#1"},
				"up": {"uv": [0, 0.5, 0, 0], "texture": "#1"},
				"down": {"uv": [0, 0, 0, 0.5], "texture": "#1"}
			}
		},
		{
			"from": [7.2, 22.0259, 2.74609],
			"to": [7.5, 22.3259, 2.74609],
			"rotation": {"angle": 45, "axis": "z", "origin": [7.35, 22.1759, 2.74609]},
			"faces": {
				"north": {"uv": [5.5, 9, 6, 9.5], "texture": "#1"},
				"east": {"uv": [0, 0, 0, 0.5], "texture": "#1"},
				"south": {"uv": [9, 5.5, 9.5, 6], "texture": "#1"},
				"west": {"uv": [0, 0, 0, 0.5], "texture": "#1"},
				"up": {"uv": [0.5, 0, 0, 0], "texture": "#1"},
				"down": {"uv": [0.5, 0, 0, 0], "texture": "#1"}
			}
		},
		{
			"from": [7.7, 21.9259, 2.74609],
			"to": [8, 22.2259, 2.74609],
			"rotation": {"angle": 45, "axis": "z", "origin": [7.85, 22.0759, 2.74609]},
			"faces": {
				"north": {"uv": [6, 9, 6.5, 9.5], "texture": "#1"},
				"east": {"uv": [0, 0, 0, 0.5], "texture": "#1"},
				"south": {"uv": [9, 6, 9.5, 6.5], "texture": "#1"},
				"west": {"uv": [0, 0, 0, 0.5], "texture": "#1"},
				"up": {"uv": [0.5, 0, 0, 0], "texture": "#1"},
				"down": {"uv": [0.5, 0, 0, 0], "texture": "#1"}
			}
		},
		{
			"from": [8, 21.9259, 2.74609],
			"to": [8.3, 22.2259, 2.74609],
			"rotation": {"angle": -45, "axis": "z", "origin": [8.15, 22.0759, 2.74609]},
			"faces": {
				"north": {"uv": [6.5, 9, 7, 9.5], "texture": "#1"},
				"east": {"uv": [0, 0, 0, 0.5], "texture": "#1"},
				"south": {"uv": [9, 6.5, 9.5, 7], "texture": "#1"},
				"west": {"uv": [0, 0, 0, 0.5], "texture": "#1"},
				"up": {"uv": [0.5, 0, 0, 0], "texture": "#1"},
				"down": {"uv": [0.5, 0, 0, 0], "texture": "#1"}
			}
		},
		{
			"from": [8.5, 22.0259, 2.74609],
			"to": [8.8, 22.3259, 2.74609],
			"rotation": {"angle": -45, "axis": "z", "origin": [8.65, 22.1759, 2.74609]},
			"faces": {
				"north": {"uv": [7, 9, 7.5, 9.5], "texture": "#1"},
				"east": {"uv": [0, 0, 0, 0.5], "texture": "#1"},
				"south": {"uv": [9, 7, 9.5, 7.5], "texture": "#1"},
				"west": {"uv": [0, 0, 0, 0.5], "texture": "#1"},
				"up": {"uv": [0.5, 0, 0, 0], "texture": "#1"},
				"down": {"uv": [0.5, 0, 0, 0], "texture": "#1"}
			}
		},
		{
			"from": [8.9, 22.1367, 3.04116],
			"to": [8.9, 22.4367, 3.34116],
			"rotation": {"angle": 45, "axis": "x", "origin": [8.9, 22.2867, 3.19116]},
			"faces": {
				"north": {"uv": [0, 0, 0, 0.5], "texture": "#1"},
				"east": {"uv": [7.5, 9, 8, 9.5], "texture": "#1"},
				"south": {"uv": [0, 0, 0, 0.5], "texture": "#1"},
				"west": {"uv": [9, 7.5, 9.5, 8], "texture": "#1"},
				"up": {"uv": [0, 0.5, 0, 0], "texture": "#1"},
				"down": {"uv": [0, 0, 0, 0.5], "texture": "#1"}
			}
		},
		{
			"from": [8.9, 22.3367, 3.54116],
			"to": [8.9, 22.6367, 3.84116],
			"rotation": {"angle": 45, "axis": "x", "origin": [8.9, 22.4867, 3.69116]},
			"faces": {
				"north": {"uv": [0, 0, 0, 0.5], "texture": "#1"},
				"east": {"uv": [8, 9, 8.5, 9.5], "texture": "#1"},
				"south": {"uv": [0, 0, 0, 0.5], "texture": "#1"},
				"west": {"uv": [9, 8, 9.5, 8.5], "texture": "#1"},
				"up": {"uv": [0, 0.5, 0, 0], "texture": "#1"},
				"down": {"uv": [0, 0, 0, 0.5], "texture": "#1"}
			}
		},
		{
			"from": [8.9, 22.5367, 4.04116],
			"to": [8.9, 22.8367, 4.34116],
			"rotation": {"angle": 45, "axis": "x", "origin": [8.9, 22.6867, 4.19116]},
			"faces": {
				"north": {"uv": [0, 0, 0, 0.5], "texture": "#1"},
				"east": {"uv": [8.5, 9, 9, 9.5], "texture": "#1"},
				"south": {"uv": [0, 0, 0, 0.5], "texture": "#1"},
				"west": {"uv": [9, 8.5, 9.5, 9], "texture": "#1"},
				"up": {"uv": [0, 0.5, 0, 0], "texture": "#1"},
				"down": {"uv": [0, 0, 0, 0.5], "texture": "#1"}
			}
		},
		{
			"from": [8.9, 22.7367, 4.54116],
			"to": [8.9, 23.0367, 4.84116],
			"rotation": {"angle": 45, "axis": "x", "origin": [8.9, 22.8867, 4.69116]},
			"faces": {
				"north": {"uv": [0, 0, 0, 0.5], "texture": "#1"},
				"east": {"uv": [9, 9, 9.5, 9.5], "texture": "#1"},
				"south": {"uv": [0, 0, 0, 0.5], "texture": "#1"},
				"west": {"uv": [0, 9.5, 0.5, 10], "texture": "#1"},
				"up": {"uv": [0, 0.5, 0, 0], "texture": "#1"},
				"down": {"uv": [0, 0, 0, 0.5], "texture": "#1"}
			}
		},
		{
			"from": [8.9, 22.9367, 5.04116],
			"to": [8.9, 23.2367, 5.34116],
			"rotation": {"angle": 45, "axis": "x", "origin": [8.9, 23.0867, 5.19116]},
			"faces": {
				"north": {"uv": [0, 0, 0, 0.5], "texture": "#1"},
				"east": {"uv": [9.5, 0, 10, 0.5], "texture": "#1"},
				"south": {"uv": [0, 0, 0, 0.5], "texture": "#1"},
				"west": {"uv": [0.5, 9.5, 1, 10], "texture": "#1"},
				"up": {"uv": [0, 0.5, 0, 0], "texture": "#1"},
				"down": {"uv": [0, 0, 0, 0.5], "texture": "#1"}
			}
		},
		{
			"from": [7.375, 1.35, 16.01967],
			"to": [8.625, 2.6, 17.26967],
			"rotation": {"angle": 22.5, "axis": "x", "origin": [8.125, 2.1, 15.76967]},
			"faces": {
				"north": {"uv": [14, 1, 14.5, 1.5], "texture": "#1"},
				"east": {"uv": [14, 1, 14.5, 1.5], "texture": "#1"},
				"south": {"uv": [14.5, 0.75, 15, 1.25], "texture": "#1"},
				"west": {"uv": [14.5, 1, 15, 1.5], "texture": "#1"},
				"up": {"uv": [14, 2.5, 13.5, 2], "texture": "#1"},
				"down": {"uv": [15, 2, 14.5, 2.5], "texture": "#1"}
			}
		}
	],
	"display": {
		"thirdperson_righthand": {
			"rotation": [37.5, 0, 0],
			"translation": [-0.5, -2, -4.25]
		},
		"thirdperson_lefthand": {
			"rotation": [37.5, 0, 0],
			"translation": [-0.5, -2, -4.25]
		},
		"firstperson_righthand": {
			"rotation": [-12, 0, -10],
			"translation": [-0.75, -6.25, 3.5]
		},
		"firstperson_lefthand": {
			"rotation": [-12, 0, -10],
			"translation": [-0.75, -6.25, 3.5]
		},
		"ground": {
			"rotation": [-42, -74, 21],
			"scale": [0.5, 0.5, 0.5]
		},
		"gui": {
			"rotation": [44, -115, 35],
			"translation": [0, -4, 0],
			"scale": [0.65, 0.65, 0.65]
		},
		"fixed": {
			"rotation": [0, -90, 0],
			"translation": [0, -3.25, -0.75]
		}
	},
	"groups": [
		{
			"name": "staff",
			"origin": [8, 8, 8],
			"color": 0,
			"children": [
				0,
				1,
				2,
				3,
				4,
				5,
				{
					"name": "group",
					"origin": [9, 22.90432, 8.89322],
					"color": 0,
					"children": [6, 7]
				},
				8,
				9,
				10,
				11,
				{
					"name": "teeth_left",
					"origin": [6.85, 23.75432, 2.24322],
					"color": 0,
					"children": [12, 13, 14, 15, 16, 17, 18]
				},
				{
					"name": "teeth_right",
					"origin": [6.85, 23.75432, 2.24322],
					"color": 0,
					"children": [19, 20, 21, 22, 23, 24, 25]
				},
				{
					"name": "horn",
					"origin": [7.99995, 22.80432, 8.99322],
					"color": 0,
					"children": [26, 27, 28, 29, 30, 31]
				},
				{
					"name": "bottomjaw",
					"origin": [8.9, 22.5867, 5.39116],
					"color": 0,
					"children": [32, 33, 34, 35, 36, 37, 38, 39, 40, 41, 42, 43, 44, 45, 46, 47]
				},
				48
			]
		}
	]
}